RH840,RH8
9RH05,RH8
RH8G3,RH8
9RH06,RH8
RBZ19,RH8
9RA911,RH8
RH802,RH8
RJ230,RJ121
TAF21,RJ121
99RJ121,RJ121
98CJ06,RJ121
9RJ121,RJ121
RJ224,RJ121
9RPD01,RJ121
98A713,RJ121
8RJ121,RJ121
9RH641,RH641
9RTQ,RH641
RL109,RKHA4
RNLBX,RLGAY
RRBBW,RRBBV
RKM,RRBBV
XXX03,RRBBV
XXX02,RRBBV
9RVEB1,RRBBV
XXX01,RRBBV
99RRBBV,RRBBV
RRS,RRBBV
RDDH1,RDDH0
9RNA,RNA03
9RWP31,RNA03
RBBP3,REE01
9RH01,REE01
RD1,REE01
9RVJ21,REE01
9RA743,REE01
RA301,REE01
9RH02,REE01
9REE01,REE01
9RJH01,RL7
99RL7,RL7
RNG10,RL7
RL301,RL7
9RBD01,RBD01
9RH03,RBD01
RDZ00,RBD01
RRE01,RJE01
RBT20,RJE01
99RJ701,RJ701
9RJ701,RJ701
98RQY,RJ701
98RJ701,RJ701
RFZ20,RQN02
RTK02,RQN02
RWG02,RQN02
RAU31,RQN02
RFW01,RQN02
RYJ03,RQN02
RDA03,RQN02
RC368,RQN02
9RCF31,RAE05
RKZDA,RFBAK
RGN,RFBAK
RFBAT,RFBAK
9RWDLB,RFBAK
RNQ51,RFBAK
RT5DC,RFBAK
9RP7LA,RFBAK
9RFBAK,RFBAK
9RWD,RFBAK
98RFBAK,RFBAK
99RFBAK,RFBAK
RY5K7,RFBAK
9RKD,RHU02
99RHU02,RHU02
RDZ15,RHU02
9RN506,RHU02
RHS55,RHU02
RR201,RHU02
RPK40,RHU02
RNZ02,RHU02
9RFU,RAQ01
RQW,RAQ01
RC971,RAQ01
RPW02,RAQ01
REF01,REF12
RJ866,REF12
9RF201,RF201
RJL,RF201
RF832,RF201
9RLNGH,RLNGH
RR9,RLNGH
RJC03,RKB01
RKB03,RKB01
RLT01,RKB01
RJC46,RKB01
9RQY,RAZ
99RAZ,RAZ
RJ6,RAZ
RTP02,RAZ
9RXX,RAZ
9RAZ,RAZ
99RXX,RAZ
RG303A,RAZ
RVV20,RVVKC
RVVMA,RVVKC
RPA,RVVKC
RVV11,RVVKC
RPC20,RVVKC
9RQBAU,RQBAU
RW5CA,RMF01
RMB05,RMF01
RXR01,RMF01
RXL06,RMF01
RJU01,RMF01
RE5BW,RMF01
RP5BA,RP5
RP5MM,RP5
99RJZ,RJZ
RJZW,RJZ
98RJZ,RJZ
9RJZ,RJZ
RN7,RJZ
RXJ06,RJZ
RG222,RJZ
88A713,RJZ
RKTAG,RQHC7
RKUAJ,RQHC7
RR6BL,RQHC7
RGQ03,RGQ02
RRE14,RL403
9RL403,RL403
9RBK,RL403
9RNA3,RL403
9RK7CC,RK7CC
RFSDA,RK7CC
RFRPA,RK7CC
RFRAA,RK7CC
9RWX,RHW01
9RH108,RHW01
RXC02,RGU01
9RTP02,RGU01
RDM03,RGU01
RPL04,RGU01
RVL07,RAL01
98TAF,RAL01
9RAL01,RAL01
9TAF,RAL01
RVL01,RAL01
RAPNM,RAL01
8A713,RAL01
RCC25,RCB55
RCB23,RCB55
RCD35,RCB55
9RBN01,RQ617
RQ601,RQ617
RKC81,RQ617
RBN63,RQ617
RQQ31,RGT01
RGR50,RGT01
RCX01,RGT01
RBL20,RBL14
RJR05,RBL14
RM131,RM102
RGP75,RM102
REM26,RW402
9RW402,RW402
RVY01,RW402
RTRNT,RCJAT
9RCJAT,RCJAT
RLBCH,RCJAT
RXWAT,RLZ01
REFWW,RK950
R1G55,RK950
9RJ866,RK950
8RA911,RK950
9RWJ,RM574
RW602,RM574
RM202,RM574
RM403,RM574
9RXV06,RM574
RJN71,RM574
RMP01,RM574
RTD03,RTD01
RF4DG,RNJ00
RGCNH,RNJ00
RGCKH,RNJ00
9RNJ00,RNJ00
RWL25,RRK02
98RRK02,RRK02
9RRK02,RRK02
RLW01,RRK02
9RNA2,RRK02
RWP31,RRK02
RLQ02,RRK02
99RRK02,RRK02
9RLQ02,RRK02
97RRK02,RRK02
98RBK,RRK02
9RNG2,RRK02
RXQ50,RNX02
RVNCA,RNX02
RBF33,RNX02
RXQ02,RNX02
RD816,RNX02
RMW10,RQR13
RQR14,RQR13
9RQR13,RQR13
RGA02,RQR13
RXF03,RQR13
RGB04,RQR13
9RQR14,RQR13
REZ02,RM301
7RM301,RM301
9RM301,RM301
RMC00,RM301
RHANN,RCSLB
9RCSLB,RCSLB
RX1RA,RCSLB
RXM56,RCSLB
RFJBC,RCSLB
RTG54,RFPFG
