PKB_SITE,2020,PKB_MAIN,11023
PKB_SITE,48021,PKB_MAIN,45020
PKB_SITE,45021,PKB_MAIN,45020
PKB_SITE,RKGA1,PKB_MAIN,NHSWLS
PKB_SITE,RQHC7,PKB_MAIN,NHSWLS
PKB_SITE,RKHA4,PKB_MAIN,NHSWLS
PKB_SITE,RQBAU,PKB_MAIN,NHSWLS
PKB_SITE,RRBBV,PKB_MAIN,NHSWLS
PKB_SITE,RDDH0,PKB_MAIN,RAJ
PKB_SITE,RQ8L0,PKB_MAIN,RAJ
PKB_SITE,RAJ01,PKB_MAIN,RAJ
PKB_SITE,RBL20,PKB_MAIN,RBL14
PKB_SITE,RDEE4,PKB_MAIN,RGQ02
PKB_SITE,RW3RM,PKB_MAIN,RM574
PKB_SITE,RQ601,PKB_MAIN,RQ617
PKB_SITE,RW402,PKB_MAIN,RQ617
PKB_SITE,RVY01,PKB_MAIN,RQ617
PKB_SITE,RKC81,PKB_MAIN,RQ617
PKB_SITE,REM26,PKB_MAIN,RQ617
PKB_SITE,RBN63,PKB_MAIN,RQ617
PKB_SITE,9RW402,PKB_MAIN,RQ617
PKB_SITE,9RBN01,PKB_MAIN,RQ617
PKB_SITE,99RQR13,PKB_MAIN,RQR13
PKB_SITE,RL7,PKB_MAIN,RRK02
PKB_SITE,SGC02,PKB_MAIN,SGC04
PKB_SITE,99RCSLB,PKB_MAIN,RCSLB
